Date Run,Date/Time Run,Date Run,Date/Time Run,Date Run.1,Date/Time Run.1,Date Run.1.1,Date/Time Run.1.1,Date Run.1.1.1,Date/Time Run.1.1.1,Date Run.1.1.1.1,Date/Time Run.1.1.1.1,Date Run.1.1.1.1.1,Date/Time Run.1.1.1.1.1,Location,Date Published,Total Cases,Total Deaths,Count Cases Black/AA,Count Deaths Black/AA,Pct Cases Black/AA,Pct Deaths Black/AA,Pct Includes Unknown Race,Pct Includes Hispanic Black,Count Cases Known Race,Count Deaths Known Race,Black/AA Population,Pct Black/AA Population,Status code
2020-08-09,2020/08/09 19:01:29America/Los Angeles TZ,2020-08-09,2020/08/09 18:35:07America/Los Angeles TZ,2020-08-09,2020/08/09 18:35:00America/Los Angeles TZ,2020-08-09,2020/08/09 18:33:16America/Los Angeles TZ,2020-08-09,2020/08/09 18:32:40America/Los Angeles TZ,2020-08-09,2020/08/09 18:32:28America/Los Angeles TZ,2020-08-09,2020/08/09 18:29:09America/Los Angeles TZ,Alabama,2020-08-08,96613.0,1694.0,26416.0,702.0,42.51,42.99,False,False,62144.0,1633.0,1293186.0,26.58,Success!
2020-08-09,2020/08/09 19:01:29America/Los Angeles TZ,2020-08-09,2020/08/09 18:35:07America/Los Angeles TZ,2020-08-09,2020/08/09 18:35:00America/Los Angeles TZ,2020-08-09,2020/08/09 18:33:16America/Los Angeles TZ,2020-08-09,2020/08/09 18:32:40America/Los Angeles TZ,2020-08-09,2020/08/09 18:32:28America/Los Angeles TZ,2020-08-09,2020/08/09 18:29:09America/Los Angeles TZ,Alaska,2020-08-08,2208.0,26.0,117.0,0.0,5.8,0.0,False,True,2018.0,26.0,24129.0,3.27,Success!
2020-08-09,2020/08/09 19:01:29America/Los Angeles TZ,2020-08-09,2020/08/09 18:35:07America/Los Angeles TZ,2020-08-09,2020/08/09 18:35:00America/Los Angeles TZ,2020-08-09,2020/08/09 18:33:16America/Los Angeles TZ,2020-08-09,2020/08/09 18:32:40America/Los Angeles TZ,2020-08-09,2020/08/09 18:32:28America/Los Angeles TZ,2020-08-09,2020/08/09 18:29:09America/Los Angeles TZ,Arizona,2020-08-08,186107.0,4137.0,4515.0,125.0,4.45,3.54,False,False,101532.0,3536.0,305259.0,4.39,Success!
2020-08-09,2020/08/09 19:01:29America/Los Angeles TZ,2020-08-09,2020/08/09 18:35:07America/Los Angeles TZ,2020-08-09,2020/08/09 18:35:00America/Los Angeles TZ,2020-08-09,2020/08/09 18:33:16America/Los Angeles TZ,2020-08-09,2020/08/09 18:32:40America/Los Angeles TZ,2020-08-09,2020/08/09 18:32:28America/Los Angeles TZ,2020-08-09,2020/08/09 18:29:09America/Los Angeles TZ,Arkansas,2020-08-08,48811.0,535.0,10440.0,143.0,24.53,26.68,False,True,42555.0,536.0,460970.0,15.41,Success!
2020-08-09,2020/08/09 19:01:29America/Los Angeles TZ,2020-08-09,2020/08/09 18:35:07America/Los Angeles TZ,2020-08-09,2020/08/09 18:35:00America/Los Angeles TZ,2020-08-09,2020/08/09 18:33:16America/Los Angeles TZ,2020-08-09,2020/08/09 18:32:40America/Los Angeles TZ,2020-08-09,2020/08/09 18:32:28America/Los Angeles TZ,2020-08-09,2020/08/09 18:29:09America/Los Angeles TZ,California,2020-08-07 00:00:00,545787.0,10189.0,15253.0,819.0,4.27,8.36,False,False,357576.0,9791.0,2267875.0,5.79,Success!
2020-08-09,2020/08/09 19:01:29America/Los Angeles TZ,2020-08-09,2020/08/09 18:35:07America/Los Angeles TZ,2020-08-09,2020/08/09 18:35:00America/Los Angeles TZ,2020-08-09,2020/08/09 18:33:16America/Los Angeles TZ,2020-08-09,2020/08/09 18:32:40America/Los Angeles TZ,2020-08-09,2020/08/09 18:32:28America/Los Angeles TZ,2020-08-09,2020/08/09 18:29:09America/Los Angeles TZ,California - Los Angeles,,,,,,,,False,False,,,823987.0,8.16,"An error occurred. ... KeyError(""['Under Investigation'] not found in axis"")"
2020-08-09,2020/08/09 19:01:29America/Los Angeles TZ,2020-08-09,2020/08/09 18:35:07America/Los Angeles TZ,2020-08-09,2020/08/09 18:35:00America/Los Angeles TZ,2020-08-09,2020/08/09 18:33:16America/Los Angeles TZ,2020-08-09,2020/08/09 18:32:40America/Los Angeles TZ,2020-08-09,2020/08/09 18:32:28America/Los Angeles TZ,2020-08-09,2020/08/09 18:29:09America/Los Angeles TZ,California - San Diego,2020-08-08,32330.0,593.0,1227.0,25.0,4.69,4.26,False,False,26179.0,587.0,166412.0,5.04,Success!
2020-08-09,2020/08/09 19:01:29America/Los Angeles TZ,2020-08-09,2020/08/09 18:35:07America/Los Angeles TZ,2020-08-09,2020/08/09 18:35:00America/Los Angeles TZ,2020-08-09,2020/08/09 18:33:16America/Los Angeles TZ,2020-08-09,2020/08/09 18:32:40America/Los Angeles TZ,2020-08-09,2020/08/09 18:32:28America/Los Angeles TZ,2020-08-09,2020/08/09 18:29:09America/Los Angeles TZ,California - San Francisco,,,,,,,,False,False,,,,,An error occurred. ... KeyError('Date_Uploaded.Data as of')
2020-08-09,2020/08/09 19:01:29America/Los Angeles TZ,2020-08-09,2020/08/09 18:35:07America/Los Angeles TZ,2020-08-09,2020/08/09 18:35:00America/Los Angeles TZ,2020-08-09,2020/08/09 18:33:16America/Los Angeles TZ,2020-08-09,2020/08/09 18:32:40America/Los Angeles TZ,2020-08-09,2020/08/09 18:32:28America/Los Angeles TZ,2020-08-09,2020/08/09 18:29:09America/Los Angeles TZ,Colorado,2020-08-08,50324.0,1857.0,2506.0,124.0,5.83,6.79,False,False,42982.0,1825.0,227938.0,4.12,Success!
2020-08-09,2020/08/09 19:01:29America/Los Angeles TZ,2020-08-09,2020/08/09 18:35:07America/Los Angeles TZ,2020-08-09,2020/08/09 18:35:00America/Los Angeles TZ,2020-08-09,2020/08/09 18:33:16America/Los Angeles TZ,2020-08-09,2020/08/09 18:32:40America/Los Angeles TZ,2020-08-09,2020/08/09 18:32:28America/Los Angeles TZ,2020-08-09,2020/08/09 18:29:09America/Los Angeles TZ,Connecticut,2020-08-06,48345.0,3558.0,6575.0,656.0,13.6,18.44,True,False,,,378262.0,10.56,Success!
2020-08-09,2020/08/09 19:01:29America/Los Angeles TZ,2020-08-09,2020/08/09 18:35:07America/Los Angeles TZ,2020-08-09,2020/08/09 18:35:00America/Los Angeles TZ,2020-08-09,2020/08/09 18:33:16America/Los Angeles TZ,2020-08-09,2020/08/09 18:32:40America/Los Angeles TZ,2020-08-09,2020/08/09 18:32:28America/Los Angeles TZ,2020-08-09,2020/08/09 18:29:09America/Los Angeles TZ,Delaware,2020-08-08,15502.0,590.0,3945.0,150.0,27.9,26.6,False,False,14142.0,564.0,209892.0,22.11,Success!
2020-08-09,2020/08/09 19:01:29America/Los Angeles TZ,2020-08-09,2020/08/09 18:35:07America/Los Angeles TZ,2020-08-09,2020/08/09 18:35:00America/Los Angeles TZ,2020-08-09,2020/08/09 18:33:16America/Los Angeles TZ,2020-08-09,2020/08/09 18:32:40America/Los Angeles TZ,2020-08-09,2020/08/09 18:32:28America/Los Angeles TZ,2020-08-09,2020/08/09 18:29:09America/Los Angeles TZ,Florida,,,,,,,,False,False,,,3316376.0,16.1,"An error occurred. ... UnboundLocalError(""local variable 'year' referenced before assignment"")"
2020-08-09,2020/08/09 19:01:29America/Los Angeles TZ,2020-08-09,2020/08/09 18:35:07America/Los Angeles TZ,2020-08-09,2020/08/09 18:35:00America/Los Angeles TZ,2020-08-09,2020/08/09 18:33:16America/Los Angeles TZ,2020-08-09,2020/08/09 18:32:40America/Los Angeles TZ,2020-08-09,2020/08/09 18:32:28America/Los Angeles TZ,2020-08-09,2020/08/09 18:29:09America/Los Angeles TZ,Florida -- Miami-Dade County,2020-08-08,131217.0,1838.0,11612.0,,16.14,,False,True,71946.0,,481976.0,17.75,Success!
2020-08-09,2020/08/09 19:01:29America/Los Angeles TZ,2020-08-09,2020/08/09 18:35:07America/Los Angeles TZ,2020-08-09,2020/08/09 18:35:00America/Los Angeles TZ,2020-08-09,2020/08/09 18:33:16America/Los Angeles TZ,2020-08-09,2020/08/09 18:32:40America/Los Angeles TZ,2020-08-09,2020/08/09 18:32:28America/Los Angeles TZ,2020-08-09,2020/08/09 18:29:09America/Los Angeles TZ,Florida -- Orange County,2020-08-08,31395.0,297.0,4196.0,,24.46,,False,True,17153.0,,277193.0,20.98,Success!
2020-08-09,2020/08/09 19:01:29America/Los Angeles TZ,2020-08-09,2020/08/09 18:35:07America/Los Angeles TZ,2020-08-09,2020/08/09 18:35:00America/Los Angeles TZ,2020-08-09,2020/08/09 18:33:16America/Los Angeles TZ,2020-08-09,2020/08/09 18:32:40America/Los Angeles TZ,2020-08-09,2020/08/09 18:32:28America/Los Angeles TZ,2020-08-09,2020/08/09 18:29:09America/Los Angeles TZ,Georgia,2020-08-08,213427.0,4186.0,54324.0,1865.0,25.45,44.55,True,True,,,3239300.0,31.46,Success!
2020-08-09,2020/08/09 19:01:29America/Los Angeles TZ,2020-08-09,2020/08/09 18:35:07America/Los Angeles TZ,2020-08-09,2020/08/09 18:35:00America/Los Angeles TZ,2020-08-09,2020/08/09 18:33:16America/Los Angeles TZ,2020-08-09,2020/08/09 18:32:40America/Los Angeles TZ,2020-08-09,2020/08/09 18:32:28America/Los Angeles TZ,2020-08-09,2020/08/09 18:29:09America/Los Angeles TZ,Hawaii,2020-08-08,3346.0,31.0,24.0,,1.39,,False,True,1725.0,,26266.0,1.85,Success!
2020-08-09,2020/08/09 19:01:29America/Los Angeles TZ,2020-08-09,2020/08/09 18:35:07America/Los Angeles TZ,2020-08-09,2020/08/09 18:35:00America/Los Angeles TZ,2020-08-09,2020/08/09 18:33:16America/Los Angeles TZ,2020-08-09,2020/08/09 18:32:40America/Los Angeles TZ,2020-08-09,2020/08/09 18:32:28America/Los Angeles TZ,2020-08-09,2020/08/09 18:29:09America/Los Angeles TZ,Idaho,2020-08-08,24495.0,228.0,270.0,3.0,1.1,1.32,False,True,,,11536.0,0.68,Success!
2020-08-09,2020/08/09 19:01:29America/Los Angeles TZ,2020-08-09,2020/08/09 18:35:07America/Los Angeles TZ,2020-08-09,2020/08/09 18:35:00America/Los Angeles TZ,2020-08-09,2020/08/09 18:33:16America/Los Angeles TZ,2020-08-09,2020/08/09 18:32:40America/Los Angeles TZ,2020-08-09,2020/08/09 18:32:28America/Los Angeles TZ,2020-08-09,2020/08/09 18:29:09America/Los Angeles TZ,Illinois,2020-08-08,192698.0,7631.0,31293.0,2078.0,16.24,27.23,True,False,,,1824125.0,14.23,Success!
2020-08-09,2020/08/09 19:01:29America/Los Angeles TZ,2020-08-09,2020/08/09 18:35:07America/Los Angeles TZ,2020-08-09,2020/08/09 18:35:00America/Los Angeles TZ,2020-08-09,2020/08/09 18:33:16America/Los Angeles TZ,2020-08-09,2020/08/09 18:32:40America/Los Angeles TZ,2020-08-09,2020/08/09 18:32:28America/Los Angeles TZ,2020-08-09,2020/08/09 18:29:09America/Los Angeles TZ,Indiana,2020-08-08,73287.0,2834.0,8242.0,398.0,11.25,14.04,True,True,,,619472.0,9.33,Success!
2020-08-09,2020/08/09 19:01:29America/Los Angeles TZ,2020-08-09,2020/08/09 18:35:07America/Los Angeles TZ,2020-08-09,2020/08/09 18:35:00America/Los Angeles TZ,2020-08-09,2020/08/09 18:33:16America/Los Angeles TZ,2020-08-09,2020/08/09 18:32:40America/Los Angeles TZ,2020-08-09,2020/08/09 18:32:28America/Los Angeles TZ,2020-08-09,2020/08/09 18:29:09America/Los Angeles TZ,Iowa,2020-08-08,48535.0,927.0,3602.0,42.0,7.42,4.53,True,True,,,109911.0,3.51,Success!
2020-08-09,2020/08/09 19:01:29America/Los Angeles TZ,2020-08-09,2020/08/09 18:35:07America/Los Angeles TZ,2020-08-09,2020/08/09 18:35:00America/Los Angeles TZ,2020-08-09,2020/08/09 18:33:16America/Los Angeles TZ,2020-08-09,2020/08/09 18:32:40America/Los Angeles TZ,2020-08-09,2020/08/09 18:32:28America/Los Angeles TZ,2020-08-09,2020/08/09 18:29:09America/Los Angeles TZ,Kansas,2020-08-07,30638.0,380.0,2280.0,67.0,8.99,18.16,False,True,25353.0,369.0,169801.0,5.84,Success!
2020-08-09,2020/08/09 19:01:29America/Los Angeles TZ,2020-08-09,2020/08/09 18:35:07America/Los Angeles TZ,2020-08-09,2020/08/09 18:35:00America/Los Angeles TZ,2020-08-09,2020/08/09 18:33:16America/Los Angeles TZ,2020-08-09,2020/08/09 18:32:40America/Los Angeles TZ,2020-08-09,2020/08/09 18:32:28America/Los Angeles TZ,2020-08-09,2020/08/09 18:29:09America/Los Angeles TZ,Kentucky,2020-08-08,34578.0,772.0,2815.0,105.0,12.96,14.73,False,True,21721.0,713.0,354112.0,7.98,Success!
2020-08-09,2020/08/09 19:01:29America/Los Angeles TZ,2020-08-09,2020/08/09 18:35:07America/Los Angeles TZ,2020-08-09,2020/08/09 18:35:00America/Los Angeles TZ,2020-08-09,2020/08/09 18:33:16America/Los Angeles TZ,2020-08-09,2020/08/09 18:32:40America/Los Angeles TZ,2020-08-09,2020/08/09 18:32:28America/Los Angeles TZ,2020-08-09,2020/08/09 18:29:09America/Los Angeles TZ,Louisiana,2020-08-05,128746.0,4089.0,41962.0,1960.0,44.38,49.63,False,True,94556.0,3949.0,1502916.0,32.23,Success!
2020-08-09,2020/08/09 19:01:29America/Los Angeles TZ,2020-08-09,2020/08/09 18:35:07America/Los Angeles TZ,2020-08-09,2020/08/09 18:35:00America/Los Angeles TZ,2020-08-09,2020/08/09 18:33:16America/Los Angeles TZ,2020-08-09,2020/08/09 18:32:40America/Los Angeles TZ,2020-08-09,2020/08/09 18:32:28America/Los Angeles TZ,2020-08-09,2020/08/09 18:29:09America/Los Angeles TZ,Maine,2020-08-08,4026.0,125.0,891.0,,24.5,,False,True,3636.0,,17881.0,1.34,Success!
2020-08-09,2020/08/09 19:01:29America/Los Angeles TZ,2020-08-09,2020/08/09 18:35:07America/Los Angeles TZ,2020-08-09,2020/08/09 18:35:00America/Los Angeles TZ,2020-08-09,2020/08/09 18:33:16America/Los Angeles TZ,2020-08-09,2020/08/09 18:32:40America/Los Angeles TZ,2020-08-09,2020/08/09 18:32:28America/Los Angeles TZ,2020-08-09,2020/08/09 18:29:09America/Los Angeles TZ,Maryland,2020-08-08,94581.0,3440.0,29463.0,1412.0,37.0,41.23,False,False,79634.0,3425.0,1788090.0,29.78,Success!
2020-08-09,2020/08/09 19:01:29America/Los Angeles TZ,2020-08-09,2020/08/09 18:35:07America/Los Angeles TZ,2020-08-09,2020/08/09 18:35:00America/Los Angeles TZ,2020-08-09,2020/08/09 18:33:16America/Los Angeles TZ,2020-08-09,2020/08/09 18:32:40America/Los Angeles TZ,2020-08-09,2020/08/09 18:32:28America/Los Angeles TZ,2020-08-09,2020/08/09 18:29:09America/Los Angeles TZ,Massachusetts,2020-08-08,120711.0,8721.0,11232.0,721.0,9.3,8.27,True,False,,,510558.0,7.48,Success!
2020-08-09,2020/08/09 19:01:29America/Los Angeles TZ,2020-08-09,2020/08/09 18:35:07America/Los Angeles TZ,2020-08-09,2020/08/09 18:35:00America/Los Angeles TZ,2020-08-09,2020/08/09 18:33:16America/Los Angeles TZ,2020-08-09,2020/08/09 18:32:40America/Los Angeles TZ,2020-08-09,2020/08/09 18:32:28America/Los Angeles TZ,2020-08-09,2020/08/09 18:29:09America/Los Angeles TZ,Michigan,2020-08-08,86804.0,6165.0,22840.0,2443.0,26.31,39.63,True,False,,,1375424.0,13.81,Success!
2020-08-09,2020/08/09 19:01:29America/Los Angeles TZ,2020-08-09,2020/08/09 18:35:07America/Los Angeles TZ,2020-08-09,2020/08/09 18:35:00America/Los Angeles TZ,2020-08-09,2020/08/09 18:33:16America/Los Angeles TZ,2020-08-09,2020/08/09 18:32:40America/Los Angeles TZ,2020-08-09,2020/08/09 18:32:28America/Los Angeles TZ,2020-08-09,2020/08/09 18:29:09America/Los Angeles TZ,Minnesota,2020-08-08,60101.0,1648.0,12483.0,161.0,20.77,9.77,True,True,,,342186.0,6.19,Success!
2020-08-09,2020/08/09 19:01:29America/Los Angeles TZ,2020-08-09,2020/08/09 18:35:07America/Los Angeles TZ,2020-08-09,2020/08/09 18:35:00America/Los Angeles TZ,2020-08-09,2020/08/09 18:33:16America/Los Angeles TZ,2020-08-09,2020/08/09 18:32:40America/Los Angeles TZ,2020-08-09,2020/08/09 18:32:28America/Los Angeles TZ,2020-08-09,2020/08/09 18:29:09America/Los Angeles TZ,Mississippi,2020-08-07,66646.0,1874.0,27945.0,918.0,41.93,48.99,True,True,,,1125834.0,37.67,Success!
2020-08-09,2020/08/09 19:01:29America/Los Angeles TZ,2020-08-09,2020/08/09 18:35:07America/Los Angeles TZ,2020-08-09,2020/08/09 18:35:00America/Los Angeles TZ,2020-08-09,2020/08/09 18:33:16America/Los Angeles TZ,2020-08-09,2020/08/09 18:32:40America/Los Angeles TZ,2020-08-09,2020/08/09 18:32:28America/Los Angeles TZ,2020-08-09,2020/08/09 18:29:09America/Los Angeles TZ,Missouri,2020-08-07,57375.0,1301.0,11434.0,425.0,26.61,33.95,False,True,42963.0,1252.0,704896.0,11.57,Success!
2020-08-09,2020/08/09 19:01:29America/Los Angeles TZ,2020-08-09,2020/08/09 18:35:07America/Los Angeles TZ,2020-08-09,2020/08/09 18:35:00America/Los Angeles TZ,2020-08-09,2020/08/09 18:33:16America/Los Angeles TZ,2020-08-09,2020/08/09 18:32:40America/Los Angeles TZ,2020-08-09,2020/08/09 18:32:28America/Los Angeles TZ,2020-08-09,2020/08/09 18:29:09America/Los Angeles TZ,Montana,2020-08-08,4889.0,75.0,24.0,,0.49,,True,True,,,4630.0,0.44,Success!
2020-08-09,2020/08/09 19:01:29America/Los Angeles TZ,2020-08-09,2020/08/09 18:35:07America/Los Angeles TZ,2020-08-09,2020/08/09 18:35:00America/Los Angeles TZ,2020-08-09,2020/08/09 18:33:16America/Los Angeles TZ,2020-08-09,2020/08/09 18:32:40America/Los Angeles TZ,2020-08-09,2020/08/09 18:32:28America/Los Angeles TZ,2020-08-09,2020/08/09 18:29:09America/Los Angeles TZ,Nebraska,,,,,,,,False,False,,,90860.0,4.77,An error occurred. ... KeyError('PositiveCases')
2020-08-09,2020/08/09 19:01:29America/Los Angeles TZ,2020-08-09,2020/08/09 18:35:07America/Los Angeles TZ,2020-08-09,2020/08/09 18:35:00America/Los Angeles TZ,2020-08-09,2020/08/09 18:33:16America/Los Angeles TZ,2020-08-09,2020/08/09 18:32:40America/Los Angeles TZ,2020-08-09,2020/08/09 18:32:28America/Los Angeles TZ,2020-08-09,2020/08/09 18:29:09America/Los Angeles TZ,Nevada,2020-08-08,55419.0,949.0,2838.0,82.0,8.06,12.52,False,False,35203.0,655.0,261123.0,8.93,Success!
2020-08-09,2020/08/09 19:01:29America/Los Angeles TZ,2020-08-09,2020/08/09 18:35:07America/Los Angeles TZ,2020-08-09,2020/08/09 18:35:00America/Los Angeles TZ,2020-08-09,2020/08/09 18:33:16America/Los Angeles TZ,2020-08-09,2020/08/09 18:32:40America/Los Angeles TZ,2020-08-09,2020/08/09 18:32:28America/Los Angeles TZ,2020-08-09,2020/08/09 18:29:09America/Los Angeles TZ,New Hampshire,2020-08-08,6818.0,419.0,342.0,9.0,5.78,2.18,False,False,5918.0,413.0,20516.0,1.53,Success!
2020-08-09,2020/08/09 19:01:29America/Los Angeles TZ,2020-08-09,2020/08/09 18:35:07America/Los Angeles TZ,2020-08-09,2020/08/09 18:35:00America/Los Angeles TZ,2020-08-09,2020/08/09 18:33:16America/Los Angeles TZ,2020-08-09,2020/08/09 18:32:40America/Los Angeles TZ,2020-08-09,2020/08/09 18:32:28America/Los Angeles TZ,2020-08-09,2020/08/09 18:29:09America/Los Angeles TZ,New Mexico,2020-08-08,22115.0,681.0,409.0,,1.85,,True,False,,,43006.0,2.06,Success!
2020-08-09,2020/08/09 19:01:29America/Los Angeles TZ,2020-08-09,2020/08/09 18:35:07America/Los Angeles TZ,2020-08-09,2020/08/09 18:35:00America/Los Angeles TZ,2020-08-09,2020/08/09 18:33:16America/Los Angeles TZ,2020-08-09,2020/08/09 18:32:40America/Los Angeles TZ,2020-08-09,2020/08/09 18:32:28America/Los Angeles TZ,2020-08-09,2020/08/09 18:29:09America/Los Angeles TZ,New York -- New York,2020-08-08,224117.0,18949.0,35502.0,5286.0,29.3,30.44,False,True,121176.0,17366.0,2049418.0,24.27,Success!
2020-08-09,2020/08/09 19:01:29America/Los Angeles TZ,2020-08-09,2020/08/09 18:35:07America/Los Angeles TZ,2020-08-09,2020/08/09 18:35:00America/Los Angeles TZ,2020-08-09,2020/08/09 18:33:16America/Los Angeles TZ,2020-08-09,2020/08/09 18:32:40America/Los Angeles TZ,2020-08-09,2020/08/09 18:32:28America/Los Angeles TZ,2020-08-09,2020/08/09 18:29:09America/Los Angeles TZ,NewYork,,,,,,,,False,False,,,,,"An error occurred. ... TimeoutException('', None, None)"
2020-08-09,2020/08/09 19:01:29America/Los Angeles TZ,2020-08-09,2020/08/09 18:35:07America/Los Angeles TZ,2020-08-09,2020/08/09 18:35:00America/Los Angeles TZ,2020-08-09,2020/08/09 18:33:16America/Los Angeles TZ,2020-08-09,2020/08/09 18:32:40America/Los Angeles TZ,2020-08-09,2020/08/09 18:32:28America/Los Angeles TZ,2020-08-09,2020/08/09 18:29:09America/Los Angeles TZ,North Carolina,2020-08-08,134766.0,2160.0,23713.0,650.0,24.08,31.54,False,True,98496.0,2061.0,2179622.0,21.46,Success!
2020-08-09,2020/08/09 19:01:29America/Los Angeles TZ,2020-08-09,2020/08/09 18:35:07America/Los Angeles TZ,2020-08-09,2020/08/09 18:35:00America/Los Angeles TZ,2020-08-09,2020/08/09 18:33:16America/Los Angeles TZ,2020-08-09,2020/08/09 18:32:40America/Los Angeles TZ,2020-08-09,2020/08/09 18:32:28America/Los Angeles TZ,2020-08-09,2020/08/09 18:29:09America/Los Angeles TZ,NorthDakota,2020-08-08,7508.0,112.0,,,,,False,False,,,,,Success!
2020-08-09,2020/08/09 19:01:29America/Los Angeles TZ,2020-08-09,2020/08/09 18:35:07America/Los Angeles TZ,2020-08-09,2020/08/09 18:35:00America/Los Angeles TZ,2020-08-09,2020/08/09 18:33:16America/Los Angeles TZ,2020-08-09,2020/08/09 18:32:40America/Los Angeles TZ,2020-08-09,2020/08/09 18:32:28America/Los Angeles TZ,2020-08-09,2020/08/09 18:29:09America/Los Angeles TZ,Ohio,,,,,,,,False,False,,,1438271.0,12.35,An error occurred. ... JSONDecodeError('Expecting value: line 1 column 1 (char 0)')
2020-08-09,2020/08/09 19:01:29America/Los Angeles TZ,2020-08-09,2020/08/09 18:35:07America/Los Angeles TZ,2020-08-09,2020/08/09 18:35:00America/Los Angeles TZ,2020-08-09,2020/08/09 18:33:16America/Los Angeles TZ,2020-08-09,2020/08/09 18:32:40America/Los Angeles TZ,2020-08-09,2020/08/09 18:32:28America/Los Angeles TZ,2020-08-09,2020/08/09 18:29:09America/Los Angeles TZ,Oklahoma,2020-08-08,43080.0,603.0,2946.672,37.989000000000004,6.84,6.3,False,False,33925.5,570.0159,287959.0,7.35,Success!
2020-08-09,2020/08/09 19:01:29America/Los Angeles TZ,2020-08-09,2020/08/09 18:35:07America/Los Angeles TZ,2020-08-09,2020/08/09 18:35:00America/Los Angeles TZ,2020-08-09,2020/08/09 18:33:16America/Los Angeles TZ,2020-08-09,2020/08/09 18:32:40America/Los Angeles TZ,2020-08-09,2020/08/09 18:32:28America/Los Angeles TZ,2020-08-09,2020/08/09 18:29:09America/Los Angeles TZ,Oregon,2020-08-07,20636.0,348.0,732.0,9.0,4.05,2.94,False,True,18060.0,306.0,77789.0,1.91,Success!
2020-08-09,2020/08/09 19:01:29America/Los Angeles TZ,2020-08-09,2020/08/09 18:35:07America/Los Angeles TZ,2020-08-09,2020/08/09 18:35:00America/Los Angeles TZ,2020-08-09,2020/08/09 18:33:16America/Los Angeles TZ,2020-08-09,2020/08/09 18:32:40America/Los Angeles TZ,2020-08-09,2020/08/09 18:32:28America/Los Angeles TZ,2020-08-09,2020/08/09 18:29:09America/Los Angeles TZ,Pennsylvania,2020-08-08,114755.0,7313.0,16204.0,1545.0,29.12,21.17,False,True,55648.0,7297.0,1423319.0,11.13,Success!
2020-08-09,2020/08/09 19:01:29America/Los Angeles TZ,2020-08-09,2020/08/09 18:35:07America/Los Angeles TZ,2020-08-09,2020/08/09 18:35:00America/Los Angeles TZ,2020-08-09,2020/08/09 18:33:16America/Los Angeles TZ,2020-08-09,2020/08/09 18:32:40America/Los Angeles TZ,2020-08-09,2020/08/09 18:32:28America/Los Angeles TZ,2020-08-09,2020/08/09 18:29:09America/Los Angeles TZ,Rhode Island,2020-07-03,16491.0,960.0,1592.0,48.0,12.29,6.14,False,False,12950.0,782.0,69254.0,6.55,Success!
2020-08-09,2020/08/09 19:01:29America/Los Angeles TZ,2020-08-09,2020/08/09 18:35:07America/Los Angeles TZ,2020-08-09,2020/08/09 18:35:00America/Los Angeles TZ,2020-08-09,2020/08/09 18:33:16America/Los Angeles TZ,2020-08-09,2020/08/09 18:32:40America/Los Angeles TZ,2020-08-09,2020/08/09 18:32:28America/Los Angeles TZ,2020-08-09,2020/08/09 18:29:09America/Los Angeles TZ,SouthCarolina,2020-08-07,98262.0,1962.0,33643.0,784.0,38.87,42.36,False,True,86544.0,1851.0,,,Success!
2020-08-09,2020/08/09 19:01:29America/Los Angeles TZ,2020-08-09,2020/08/09 18:35:07America/Los Angeles TZ,2020-08-09,2020/08/09 18:35:00America/Los Angeles TZ,2020-08-09,2020/08/09 18:33:16America/Los Angeles TZ,2020-08-09,2020/08/09 18:32:40America/Los Angeles TZ,2020-08-09,2020/08/09 18:32:28America/Los Angeles TZ,2020-08-09,2020/08/09 18:29:09America/Los Angeles TZ,SouthDakota,2020-08-08,9477.0,146.0,1038.0,,10.95,,False,False,9477.0,,,,Success!
2020-08-09,2020/08/09 19:01:29America/Los Angeles TZ,2020-08-09,2020/08/09 18:35:07America/Los Angeles TZ,2020-08-09,2020/08/09 18:35:00America/Los Angeles TZ,2020-08-09,2020/08/09 18:33:16America/Los Angeles TZ,2020-08-09,2020/08/09 18:32:40America/Los Angeles TZ,2020-08-09,2020/08/09 18:32:28America/Los Angeles TZ,2020-08-09,2020/08/09 18:29:09America/Los Angeles TZ,Tennessee,2020-08-08,120585.0,1215.0,22800.0,403.0,18.91,33.17,True,True,,,1117489.0,16.8,Success!
2020-08-09,2020/08/09 19:01:29America/Los Angeles TZ,2020-08-09,2020/08/09 18:35:07America/Los Angeles TZ,2020-08-09,2020/08/09 18:35:00America/Los Angeles TZ,2020-08-09,2020/08/09 18:33:16America/Los Angeles TZ,2020-08-09,2020/08/09 18:32:40America/Los Angeles TZ,2020-08-09,2020/08/09 18:32:28America/Los Angeles TZ,2020-08-09,2020/08/09 18:29:09America/Los Angeles TZ,Texas,2020-08-08,40111.0,8343.0,5976.0,1070.0,0.15,0.13,True,False,,,3365783.0,12.07,Success!
2020-08-09,2020/08/09 19:01:29America/Los Angeles TZ,2020-08-09,2020/08/09 18:35:07America/Los Angeles TZ,2020-08-09,2020/08/09 18:35:00America/Los Angeles TZ,2020-08-09,2020/08/09 18:33:16America/Los Angeles TZ,2020-08-09,2020/08/09 18:32:40America/Los Angeles TZ,2020-08-09,2020/08/09 18:32:28America/Los Angeles TZ,2020-08-09,2020/08/09 18:29:09America/Los Angeles TZ,Texas -- Bexar County,2020-08-08,42531.0,432.0,464.0,17.0,6.81,15.32,False,False,6812.0,111.0,146703.0,7.62,Success!
2020-08-09,2020/08/09 19:01:29America/Los Angeles TZ,2020-08-09,2020/08/09 18:35:07America/Los Angeles TZ,2020-08-09,2020/08/09 18:35:00America/Los Angeles TZ,2020-08-09,2020/08/09 18:33:16America/Los Angeles TZ,2020-08-09,2020/08/09 18:32:40America/Los Angeles TZ,2020-08-09,2020/08/09 18:32:28America/Los Angeles TZ,2020-08-09,2020/08/09 18:29:09America/Los Angeles TZ,Utah,2020-08-08,43751.0,335.0,1052.0,6.0,2.4,1.79,True,False,,,35862.0,1.18,Success!
2020-08-09,2020/08/09 19:01:29America/Los Angeles TZ,2020-08-09,2020/08/09 18:35:07America/Los Angeles TZ,2020-08-09,2020/08/09 18:35:00America/Los Angeles TZ,2020-08-09,2020/08/09 18:33:16America/Los Angeles TZ,2020-08-09,2020/08/09 18:32:40America/Los Angeles TZ,2020-08-09,2020/08/09 18:32:28America/Los Angeles TZ,2020-08-09,2020/08/09 18:29:09America/Los Angeles TZ,Vermont,2020-08-08,1454.0,58.0,166.0,0.0,11.71,0.0,False,True,1417.0,57.0,8058.0,1.29,Success!
2020-08-09,2020/08/09 19:01:29America/Los Angeles TZ,2020-08-09,2020/08/09 18:35:07America/Los Angeles TZ,2020-08-09,2020/08/09 18:35:00America/Los Angeles TZ,2020-08-09,2020/08/09 18:33:16America/Los Angeles TZ,2020-08-09,2020/08/09 18:32:40America/Los Angeles TZ,2020-08-09,2020/08/09 18:32:28America/Los Angeles TZ,2020-08-09,2020/08/09 18:29:09America/Los Angeles TZ,Virginia,2020-07-21,79371.0,2048.0,12922.0,483.0,16.28,23.58,True,True,,,1613285.0,19.17,Success!
2020-08-09,2020/08/09 19:01:29America/Los Angeles TZ,2020-08-09,2020/08/09 18:35:07America/Los Angeles TZ,2020-08-09,2020/08/09 18:35:00America/Los Angeles TZ,2020-08-09,2020/08/09 18:33:16America/Los Angeles TZ,2020-08-09,2020/08/09 18:32:40America/Los Angeles TZ,2020-08-09,2020/08/09 18:32:28America/Los Angeles TZ,2020-08-09,2020/08/09 18:29:09America/Los Angeles TZ,Washington,2020-08-08,62523.0,1688.0,2347.0,57.0,5.67,3.47,False,False,41369.0,1642.0,269854.0,3.7,Success!
2020-08-09,2020/08/09 19:01:29America/Los Angeles TZ,2020-08-09,2020/08/09 18:35:07America/Los Angeles TZ,2020-08-09,2020/08/09 18:35:00America/Los Angeles TZ,2020-08-09,2020/08/09 18:33:16America/Los Angeles TZ,2020-08-09,2020/08/09 18:32:40America/Los Angeles TZ,2020-08-09,2020/08/09 18:32:28America/Los Angeles TZ,2020-08-09,2020/08/09 18:29:09America/Los Angeles TZ,"Washington, DC",2020-08-08,12653.0,590.0,6253.0,437.0,49.42,74.07,True,True,,,321317.0,46.94,Success!
2020-08-09,2020/08/09 19:01:29America/Los Angeles TZ,2020-08-09,2020/08/09 18:35:07America/Los Angeles TZ,2020-08-09,2020/08/09 18:35:00America/Los Angeles TZ,2020-08-09,2020/08/09 18:33:16America/Los Angeles TZ,2020-08-09,2020/08/09 18:32:40America/Los Angeles TZ,2020-08-09,2020/08/09 18:32:28America/Los Angeles TZ,2020-08-09,2020/08/09 18:29:09America/Los Angeles TZ,WestVirginia,,,,,,,,False,False,,,,,"An error occurred. ... TimeoutException('', None, None)"
2020-08-09,2020/08/09 19:01:29America/Los Angeles TZ,2020-08-09,2020/08/09 18:35:07America/Los Angeles TZ,2020-08-09,2020/08/09 18:35:00America/Los Angeles TZ,2020-08-09,2020/08/09 18:33:16America/Los Angeles TZ,2020-08-09,2020/08/09 18:32:40America/Los Angeles TZ,2020-08-09,2020/08/09 18:32:28America/Los Angeles TZ,2020-08-09,2020/08/09 18:29:09America/Los Angeles TZ,Wisconsin,2020-08-08,59933.0,996.0,8604.0,212.0,15.86,21.65,False,True,54246.0,979.0,368744.0,6.38,Success!
2020-08-09,2020/08/09 19:01:29America/Los Angeles TZ,2020-08-09,2020/08/09 18:35:07America/Los Angeles TZ,2020-08-09,2020/08/09 18:35:00America/Los Angeles TZ,2020-08-09,2020/08/09 18:33:16America/Los Angeles TZ,2020-08-09,2020/08/09 18:32:40America/Los Angeles TZ,2020-08-09,2020/08/09 18:32:28America/Los Angeles TZ,2020-08-09,2020/08/09 18:29:09America/Los Angeles TZ,Wisconsin -- Milwaukee,2020-08-07,20734.0,389.0,5763.0,149.0,29.76,38.3,False,False,19365.0,389.0,252321.0,26.44,Success!
2020-08-09,2020/08/09 19:01:29America/Los Angeles TZ,2020-08-09,2020/08/09 18:35:07America/Los Angeles TZ,2020-08-09,2020/08/09 18:35:00America/Los Angeles TZ,2020-08-09,2020/08/09 18:33:16America/Los Angeles TZ,2020-08-09,2020/08/09 18:32:40America/Los Angeles TZ,2020-08-09,2020/08/09 18:32:28America/Los Angeles TZ,2020-08-09,2020/08/09 18:29:09America/Los Angeles TZ,Wyoming,,,,,,,,False,False,,,5540.0,0.95,An error occurred. ... JSONDecodeError('Expecting value: line 1 column 1 (char 0)')
